[
  {
    "title": "Hippie Sabotage - Devil Eyes / 350Z Showtime",
    "link": "https://www.youtube.com/watch?v=o-_DVLacX4c"
  },
  {
    "title": "Kehlani - Gangsta (from Suicide Squad: The Album) [Official Music Video]",
    "link": "https://www.youtube.com/watch?v=LAYgZEMMWxo"
  },
  {
    "title": "O Re Piya | Full Song | Aaja Nachle | Madhuri Dixit | Rahat Fateh Ali Khan | Salim-Sulaiman, Jaideep",
    "link": "https://www.youtube.com/watch?v=iv7lcUkFVSc"
  },
  {
    "title": "Hippie Sabotage - Devil Eyes / 350Z Showtime",
    "link": "https://www.youtube.com/watch?v=o-_DVLacX4c"
  },
  {
    "title": "Billie Eilish, Khalid - lovely (Official Music Video)",
    "link": "https://www.youtube.com/watch?v=V1Pl8CzNzCw"
  },
  {
    "title": "Kehlani - Gangsta (from Suicide Squad: The Album) [Official Music Video]",
    "link": "https://www.youtube.com/watch?v=LAYgZEMMWxo"
  },
  {
    "title": "Hippie Sabotage - Devil Eyes / 350Z Showtime",
    "link": "https://www.youtube.com/watch?v=o-_DVLacX4c"
  },
  {
    "title": "Hippie Sabotage - Devil Eyes / 350Z Showtime",
    "link": "https://www.youtube.com/watch?v=o-_DVLacX4c"
  },
  {
    "title": "Kehlani - Gangsta (from Suicide Squad: The Album) [Official Music Video]",
    "link": "https://www.youtube.com/watch?v=LAYgZEMMWxo"
  }
]